조회일자,주문코드,지점명,상품코드,상품명,규격,수량,단위,단가,공급가,부가세,합계,대분류
2026-09-04,144196,(IOI)역대짬뽕 두정점,140406,(쥬뗌)깐풍소스/칠리딥소스(금양/역대짬뽕전용)2kg,2kg*6,1,EA,12000,10909,1091,12000,공산품류
2026-09-04,144196,(IOI)역대짬뽕 두정점,140801,(쥬뗌)대왕오징어귀채(노랑/역대짬뽕전용/칠레산)5kg,5kg,1,BOX,29000,29000,0,29000,수산물류
2026-09-04,144196,(IOI)역대짬뽕 두정점,130247,(쥬뗌)또또단무지(그래도/역대짬뽕전용/150g*80)BOX,box(80입),1,BOX,28000,25455,2545,28000,공산품류
2026-09-04,144196,(IOI)역대짬뽕 두정점,141356,(쥬뗌)웰빙생단무지(그래도/역대짬뽕전용/2.5kg*4)BOX,(2.5kg*4),2,BOX,19500,35455,3545,39000,공산품류
2026-09-04,144196,(IOI)역대짬뽕 두정점,140412,(쥬뗌)중화면(면반죽★역대짬뽕전용/1.4kg*10)box,(1.4kg*10),4,BOX,58000,210909,21091,232000,공산품류
2026-09-04,144196,(IOI)역대짬뽕 두정점,140437,(쥬뗌)칼집대왕오징어몸채(빨강/역대짬뽕전용)5kg,5Kg,2,BOX,50100,100200,0,100200,수산물류
2026-09-04,144196,(IOI)역대짬뽕 두정점,136582,@모두부(명품/찌게용)300g,300g,12,EA,1410,16920,0,16920,공산품류
2026-09-04,144196,(IOI)역대짬뽕 두정점,140143,만두(담두/자만두)1.26kg,1.26kg*8,16,EA,6000,87273,8727,96000,공산품류
2026-09-04,144196,(IOI)역대짬뽕 두정점,105231,물만두(대림/한입가득)1.35kg,1.35kg*6,2,EA,7720,14036,1404,15440,공산품류
2026-09-04,144196,(IOI)역대짬뽕 두정점,140575,삼각멘보샤(지엔씨푸드/역대/15g*40ea)600g,15g*40ea*10pk,8,EA,10700,77818,7782,85600,공산품류
2026-09-04,143742,역대짬뽕 다산1호점(14),140801,(쥬뗌)대왕오징어귀채(노랑/역대짬뽕전용/칠레산)5kg,5kg,2,BOX,29000,58000,0,58000,수산물류
2026-09-04,143742,역대짬뽕 다산1호점(14),141093,(쥬뗌)돼지(돈후지/탕수육용/역대짬뽕전용)15kg,(5KG*3)BOX,2,BOX,114500,229000,0,229000,축산물류
2026-09-04,143742,역대짬뽕 다산1호점(14),140412,(쥬뗌)중화면(면반죽★역대짬뽕전용/1.4kg*10)box,(1.4kg*10),5,BOX,58000,263636,26364,290000,공산품류
2026-09-04,143742,역대짬뽕 다산1호점(14),140437,(쥬뗌)칼집대왕오징어몸채(빨강/역대짬뽕전용)5kg,5Kg,4,BOX,50100,200400,0,200400,수산물류
2026-09-04,143742,역대짬뽕 다산1호점(14),140490,감자전분(고성산업)20kg,20kg,1,포,48800,44364,4436,48800,공산품류
2026-09-04,143742,역대짬뽕 다산1호점(14),140115,깐메추리알(대림)1kg,1kg*10,1,EA,8950,8136,814,8950,공산품류
2026-09-04,143742,역대짬뽕 다산1호점(14),140143,만두(담두/자만두)1.26kg,1.26kg*8,8,EA,6000,43636,4364,48000,공산품류
2026-09-04,143742,역대짬뽕 다산1호점(14),139913,쌀(농협.알찬/한토래/신동진/국내산)20kg,20kg/50포(판),1,포,61100,61100,0,61100,농산물류
2026-09-04,143742,역대짬뽕 다산1호점(14),135849,흰설탕(대한제당/정백/푸드림/하얀)15kg,15kg,1,포,21800,19818,1982,21800,공산품류
2026-09-04,143737,역대짬뽕 송탄점(99),140645,(쥬뗌)냉동바지락살(역대짬뽕전용/중국산/10kg/과세)BOX,10kg,1,BOX,44500,40455,4045,44500,수산물류
2026-09-04,143737,역대짬뽕 송탄점(99),140444,(쥬뗌)데리야끼소스(태영/역대짬뽕전용)5kg,5kg,1,EA,30000,27273,2727,30000,공산품류
2026-09-04,143737,역대짬뽕 송탄점(99),130247,(쥬뗌)또또단무지(그래도/역대짬뽕전용/150g*80)BOX,box(80입),1,BOX,32800,29818,2982,32800,공산품류
2026-09-04,143737,역대짬뽕 송탄점(99),141356,(쥬뗌)웰빙생단무지(그래도/역대짬뽕전용/2.5kg*4)BOX,(2.5kg*4),1,BOX,27800,25273,2527,27800,공산품류
2026-09-04,143737,역대짬뽕 송탄점(99),140412,(쥬뗌)중화면(면반죽★역대짬뽕전용/1.4kg*10)box,(1.4kg*10),3,BOX,54600,148909,14891,163800,공산품류
2026-09-04,143737,역대짬뽕 송탄점(99),140419,(쥬뗌)짬뽕소스(대원/자품아이지/역대짬뽕전용/묶음재료/자품/9.65kg)BOX,9.65kg,1,BOX,95000,86364,8636,95000,공산품류
2026-09-04,143737,역대짬뽕 송탄점(99),133806,■종이컵(일반/184ml/안다미로)BOX,(6.5oz*50)*20,1,BOX,10400,9455,945,10400,용품류
2026-09-04,143737,역대짬뽕 송탄점(99),140490,감자전분(고성산업)20kg,20kg,1,포,48800,44364,4436,48800,공산품류
2026-09-04,143737,역대짬뽕 송탄점(99),104537,굴소스(오뚜기/이금기/팬더)2.27kg,2.27kg*6,2,EA,14500,26364,2636,29000,공산품류
2026-09-04,143737,역대짬뽕 송탄점(99),104128,완두콩(삼아/캔/小)400g,400g*24,2,EA,1230,2236,224,2460,공산품류
2026-09-04,144176,역대짬뽕 송파점(95),140426,(쥬뗌)간짜장소스(태영/역대짬뽕전용/1.8kg*5)BOX,(1.8kg*5)BOX,1,BOX,80000,72727,7273,80000,공산품류
2026-09-04,144176,역대짬뽕 송파점(95),140424,(쥬뗌)고춧가루(조은/고운/역대짬뽕전용/20kg)BOX,20KG,1,BOX,290000,290000,0,290000,공산품류
2026-09-04,144176,역대짬뽕 송파점(95),140406,(쥬뗌)깐풍소스/칠리딥소스(금양/역대짬뽕전용)2kg,2kg*6,6,EA,12000,65455,6545,72000,공산품류
2026-09-04,144176,역대짬뽕 송파점(95),141467,(쥬뗌)꿔바로우(그린푸드/도톰등심)1kg,1kg*10,3,EA,9200,25091,2509,27600,공산품류
2026-09-04,144176,역대짬뽕 송파점(95),140645,(쥬뗌)냉동바지락살(역대짬뽕전용/중국산/10kg/과세)BOX,10kg,1,BOX,44500,40455,4045,44500,수산물류
2026-09-04,144176,역대짬뽕 송파점(95),140447,(쥬뗌)냉동솔방울오징어(역대짬뽕전용/중국산)10kg,10kg,1,BOX,79000,79000,0,79000,수산물류
2026-09-04,144176,역대짬뽕 송파점(95),140433,(쥬뗌)냉동홍합살(역대짬뽕전용/중국산/면세/10kg)BOX,10kg,1,BOX,75000,75000,0,75000,수산물류
2026-09-04,144176,역대짬뽕 송파점(95),140801,(쥬뗌)대왕오징어귀채(노랑/역대짬뽕전용/칠레산)5kg,5kg,2,BOX,29000,58000,0,58000,수산물류
2026-09-04,144176,역대짬뽕 송파점(95),140415,(쥬뗌)돼지(돈후지/유슬/짬뽕용채/L/15kg/역대짬뽕전용),(15KG)BOX,2,BOX,110000,220000,0,220000,축산물류
2026-09-04,144176,역대짬뽕 송파점(95),141093,(쥬뗌)돼지(돈후지/탕수육용/역대짬뽕전용)15kg,(5KG*3)BOX,3,BOX,114500,343500,0,343500,축산물류
2026-09-04,144176,역대짬뽕 송파점(95),130247,(쥬뗌)또또단무지(그래도/역대짬뽕전용/150g*80)BOX,box(80입),2,BOX,28000,50909,5091,56000,공산품류
2026-09-04,144176,역대짬뽕 송파점(95),140427,(쥬뗌)생새우살(71-91/역대짬뽕전용/중국산/9kg)BOX,9kg,1,BOX,131000,131000,0,131000,수산물류
2026-09-04,144176,역대짬뽕 송파점(95),141356,(쥬뗌)웰빙생단무지(그래도/역대짬뽕전용/2.5kg*4)BOX,(2.5kg*4),1,BOX,19500,17727,1773,19500,공산품류
2026-09-04,144176,역대짬뽕 송파점(95),141469,(쥬뗌)유린기(그린푸드/한입/등심)1kg,1kg*10,3,EA,8100,22091,2209,24300,공산품류
2026-09-04,144176,역대짬뽕 송파점(95),140412,(쥬뗌)중화면(면반죽★역대짬뽕전용/1.4kg*10)box,(1.4kg*10),6,BOX,58000,316364,31636,348000,공산품류
2026-09-04,144176,역대짬뽕 송파점(95),139779,(쥬뗌)짜장소스(비에이치앤/역대짬뽕전용/2kg*5)BOX,(2kg*5)BOX,1,BOX,75000,68182,6818,75000,공산품류
2026-09-04,144176,역대짬뽕 송파점(95),140418,(쥬뗌)참깨향기름(고향식품/역대짬뽕전용)1.8L,1.8L*8,2,EA,12100,22000,2200,24200,공산품류
2026-09-04,144176,역대짬뽕 송파점(95),140437,(쥬뗌)칼집대왕오징어몸채(빨강/역대짬뽕전용)5kg,5Kg,4,BOX,50100,200400,0,200400,수산물류
2026-09-04,144176,역대짬뽕 송파점(95),141463,(쥬뗌)크림짬뽕베이스(비에이치앤/역대짬뽕전용/2kg*5)BOX,(2kg*5)BOX,1,BOX,69500,63182,6318,69500,공산품류
2026-09-04,144176,역대짬뽕 송파점(95),136582,@모두부(명품/찌게용)300g,300g,2,EA,1410,2820,0,2820,공산품류
2026-09-04,144176,역대짬뽕 송파점(95),140490,감자전분(고성산업)20kg,20kg,1,포,48800,44364,4436,48800,공산품류
2026-09-04,144176,역대짬뽕 송파점(95),140115,깐메추리알(대림)1kg,1kg*10,2,EA,8950,16273,1627,17900,공산품류
2026-09-04,144176,역대짬뽕 송파점(95),119318,당면(KO/역대/중화)2kg,2kg*5,5,EA,7600,34545,3455,38000,공산품류
2026-09-04,144176,역대짬뽕 송파점(95),140143,만두(담두/자만두)1.26kg,1.26kg*8,16,EA,6000,87273,8727,96000,공산품류
2026-09-04,144176,역대짬뽕 송파점(95),103064,맛살(오양/실속)1kg,1kg*10,1,EA,4940,4491,449,4940,공산품류
2026-09-04,144176,역대짬뽕 송파점(95),105231,물만두(대림/한입가득)1.35kg,1.35kg*6,6,EA,7720,42109,4211,46320,공산품류
2026-09-04,144176,역대짬뽕 송파점(95),105397,양송이버섯캔(대화*특편)2.84kg,2.84kg*6,1,EA,9750,8864,886,9750,공산품류
2026-09-04,144176,역대짬뽕 송파점(95),119904,죽순캔(대화*편)2.84kg,2.84kg*6,1,EA,5780,5255,525,5780,공산품류
2026-09-04,144176,역대짬뽕 송파점(95),121597,표고버섯캔(대화*채)2.84kg,2.8kg*6,1,EA,5980,5436,544,5980,공산품류
2026-09-04,144176,역대짬뽕 송파점(95),135849,흰설탕(대한제당/정백/푸드림/하얀)15kg,15kg,1,포,21800,19818,1982,21800,공산품류
2026-09-04,143739,역대짬뽕 화성반월점(99),140426,(쥬뗌)간짜장소스(태영/역대짬뽕전용/1.8kg*5)BOX,(1.8kg*5)BOX,1,BOX,80000,72727,7273,80000,공산품류
2026-09-04,143739,역대짬뽕 화성반월점(99),140645,(쥬뗌)냉동바지락살(역대짬뽕전용/중국산/10kg/과세)BOX,10kg,2,BOX,44500,80909,8091,89000,수산물류
2026-09-04,143739,역대짬뽕 화성반월점(99),140442,(쥬뗌)야채볶음밥(엄지/역대짬뽕전용/3kg*3)BOX,(3kg*3),1,BOX,45390,41264,4126,45390,공산품류
2026-09-04,143739,역대짬뽕 화성반월점(99),140412,(쥬뗌)중화면(면반죽★역대짬뽕전용/1.4kg*10)box,(1.4kg*10),5,BOX,58000,263636,26364,290000,공산품류
2026-09-04,143739,역대짬뽕 화성반월점(99),140411,(쥬뗌)중화면(얇은면/밀면/소면/역대짬뽕전용/1kg*10)box,(1kg*10),1,BOX,44000,40000,4000,44000,공산품류
2026-09-04,143739,역대짬뽕 화성반월점(99),140143,만두(담두/자만두)1.26kg,1.26kg*8,24,EA,6000,130909,13091,144000,공산품류
